Evento,Fecha,Link,Link,Link,Clásica,Turismo

Unidad 1
Revolución Francesa,1789_05_05,https://www.youtube.com/watch?v=SzdcRYLHKpo,https://www.youtube.com/watch?v=ttdq818TGD0&feature=youtu.be,,Sí
Reglamento de Libre Comercio con América (monopolio comercial español),1778_10_12,https://www.youtube.com/watch?v=3G2oOaxaehE,https://elarcondelahistoria.com/reglamento-de-comercio-libre-12101778/,,Sí
Dinastía Shang,1600 a.C._1046 a.C.,https://chinaantigua.com/dinastia-shang/,https://www.youtube.com/watch?v=nphA4Hu89Rk&feature=youtu.be,,Sí
Final del feudalismo moderno,1453_1789,https://www.monografias.com/trabajos93/desintegracion-del-feudalismo-y-surgimiento-del-capitalismo/desintegracion-del-feudalismo-y-surgimiento-del-capitalismo.shtml,,,Sí
Invasiones Inglesas,1806-1807,https://www.youtube.com/watch?v=P81I6QdR13w
La peste negra,1346-1353,https://www.youtube.com/watch?v=XK90X1V4zM8&feature=youtu.be,https://www.lavanguardia.com/historiayvida/edad-media/20170217/47311697782/como-cambio-a-europa-la-peste-negra.html,,Sí,,Hay código QR (dos imágenes),,,,,
Descubrimiento de América,1492_10_12,https://www.google.com/search?q=descubrimiento+de+america&tbm=isch&ved=2ahUKEwjTgafui6brAhU3DrkGHZbCDoEQ2-cCegQIABAA&oq=descu&gs_lcp=CgNpbWcQARgAMgcIABCxAxBDMgQIABBDMgQIABBDMgQIABBDMgQIABBDMgQIABBDMgQIABBDMgQIABBDMgQIABBDMgIIADoECCMQJzoFCAAQsQNQ__MDWLv9A2DwjARoAHAAeACAAYQBiAH2BJIBAzAuNZgBAKABAaoBC2d3cy13aXotaW1nwAEB&sclient=img&ei=OX08X5OBK7ec5OUPloW7iAg&bih=657&biw=1366#imgrc=6r2ybHtFSyNptM,,,Sí,,,,,,,
Guerra de Peloponeso,430 a.C._404 a.C.,https://mihistoriauniversal.com/edad-antigua/guerra-del-peloponeso,https://www.youtube.com/watch?v=u8Hzq48uwfc,,Sí,,,,,,,
La caída de Constantinopla,1453,http://www.cervantesvirtual.com/portales/la_caida_de_constantinopla/sitiadores_y_sitiados/,,,Sí,,,,,,,
La primera Revolución Industrial,1750,https://www.youtube.com/watch?v=sOb59ALkGnc
El Terror: auge de la Revolución Francesa,1793,https://www.youtube.com/watch?v=gmPV7hWLDLY
Fundación de la Universidad Nacional de Córdoba,1613,https://www.youtube.com/watch?v=BSJ7pZxdy4I

Unidad 2
Ley de Bancos Nacionales Garantidos,1887_11_3,http://www.billetesargentinos.com.ar/billetes/bancos_garantidos.htm#:~:text=Durante%20la,Link:https://articulo.mercadolibre.com.ar/MLA-789060008-billete-1-peso-bancos-garantidos-ano-1888-con-resello-1897-_JM#position=1&type=item&tracking_id=d71e8ecf-0553-49bf-bd89-2c2254f52e22,,Sí,,,,,,,
Ciclo Lanar,1850-1880,https://prezi.com/3uifeykop1gw/ciclo-del-lanar-1850-1880/,,,Sí,,,,,,,
Batalla de Pavón,1861_09_17,https://www.youtube.com/watch?v=ChX-pz43c_U,https://www.google.com/search?q=batalla+de+pavon&sxsrf=ALeKk03SqEbgKuxllYlqkIaBwTZfueBh2w:1598721507571&source=lnms&tbm=isch&sa=X&ved=2ahUKEwj7sbbc9cDrAhXLILkGHU0CCJIQ_AUoAXoECBwQAw&biw=1366&bih=625,,Sí,,,,,,,
"Etapa final del Proceso de ""Construcción Estatal"" (1852-1880)",1861_06_30,https://www.youtube.com/watch?v=kI8_x6Jiql8,https://journals.openedition.org/polis/3827,,Sí,,,,,,,
El Modelo Agroexportador,1880,https://caminosypueblos.com/modelo-agroexportador/,,,Sí,,,,,,,
Presidencia del Dr. Bartolomé Mitre (12-10-1862 a 12-10-1868),1862_10_12,https://www.youtube.com/watch?v=k2eBY-GfrCM,,,Sí,,,,,,,
El Grito de Alcorta - El Modelo Agroexportador,1912_06_25,https://www.youtube.com/watch?v=NHIEVKD0dUA,https://sites.google.com/site/237gritodealcorta/modelo-agroexportador,,Sí,,,,,,,
Presidencia de Hipólito Yrigoyen (12-10-1916 a 12-10-1922),1916_10_12,https://www.youtube.com/watch?v=hPLB1uKtFe0&feature=youtu.be,,,Sí,,,,,,,
La Campaña al Desierto,1878,https://www.youtube.com/watch?v=FLPyg_uMdHc&feature=youtu.be,https://www.youtube.com/watch?v=OV7fqAN9sDI&feature=youtu.be,,Sí,,,,,,,

Unidad 3
Masacre de Napalpí,1924_07_19,https://youtu.be/5zqNzui_v6w,https://es.wikipedia.org/wiki/Masacre_de_Napalp%C3%AD,,Sí,,,,,,,
Intervención de la Bolsa de Comercio de Buenos Aires (BCBA) en la realidad nacional,1915,https://www.bcba.sba.com.ar/un-viaje-a-1915/,,,Sí,,,,,,,
Golpe de Estado de Uriburu al Gobierno democrático de Yrigoyen,1930_09_6,https://www.youtube.com/watch?v=OgQQFdzh8a4,,,Sí,,,,,,,
Primera Guerra Mundial (28-7-1914 al 11-11-1918),1914_07_28,https://www.infobae.com/historia/2018/09/08/entre-el-comercio-y-las-trincheras-la-neutralidad-imposible-de-argentina-en-la-primera-guerra-mundial/
Tratado de Versalles (finalización formal de la 1ª Guerra Mundial),1919_06_28,https://www.youtube.com/watch?v=qVte3gszk2I,,,Sí,,,,,,,
La Ley Seca de Estados Unidos en 1920,1920_01_17,https://www.youtube.com/watch?v=J0nFR7kAx5o&feature=youtu.be,https://www.lavanguardia.com/historiayvida/historia-contemporanea/20181127/47313667204/el-despegue-de-las-mafias-en-eeuu.html,,Sí,,Hay código QR (1 archivo),,,,,
Fundación de YPF-Yacimientos Petrolíferos Fiscales,1922_06_3,https://www.google.com/search?q=la+gesti%C3%B3n+del+General+Enrique+Mosconi+en+Yacimientos+Petrol%C3%ADferos+Fiscales+(YPF)%2C+a+partir+de+su+designaci%C3%B3n+durante+la+presidencia+de+Marcelo+T.+de+Alvear&tbm=isch&ved=2ahUKEwiNv4PFqdPrAhXxLLkGHcQXB5IQ2-cCegQIABAA&oq=la+gesti%C3%B3n+del+General+Enrique+Mosconi+en+Yacimientos+Petrol%C3%ADferos+Fiscales+(YPF)%2C+a+partir+de+su+designaci%C3%B3n+durante+la+presidencia+de+Marcelo+T.+de+Alvear&gs_lcp=CgNpbWcQAzIHCCMQ6gIQJzIHCCMQ6gIQJzIHCCMQ6gIQJzIHCCMQ6gIQJzIHCCMQ6gIQJzIHCCMQ6gIQJzIHCCMQ6gIQJzIHCCMQ6gIQJzIHCCMQ6gIQJzIHCCMQ6gIQJ1D17wJYifcCYKj9AmgBcAB4AIABAIgBAJIBAJgBAKABAaoBC2d3cy13aXotaW1nsAEKwAEB&sclient=img&ei=JDRUX42dGvHZ5OUPxK-ckAk&bih=657&biw=1366#imgrc=b1qCX7KiMwBtpM&imgdii=G5fASEWJGmeFMM,,,Sí,,,,,,,
Reforma Universitaria,1918_06_21,https://unlp.edu.ar/historia/especial_reforma_1918_cronologia-4220,https://www.youtube.com/watch?v=SvhmqqR5bqw,,Sí,,,,,,,
La Semana Trágica (7 al 14 de 01 de 1919),1919_01_7,https://www.infobae.com/historia-argentina/2019/01/07/a-100-anos-de-la-semana-tragica-sangre-muerte-y-horror-en-las-calles-de-buenos-aires/,,,Sí,,,,,,,
El crack del 29 y la Gran Depresión,1929_10_24,https://www.youtube.com/watch?v=sxqzgjizzdo,https://esbolsa.com/blog/videos/crisis-economica-de-1929-gran-crack/,,Sí,,,,,,,
La situación de Argentina en la década de la Gran Guerra,1914_07_28,https://www.youtube.com/watch?v=X6fgIWF8nbk,,,Sí,,,,,,,
Patagonia Trágica (nuevo revuelta),1920_12_1,https://www.youtube.com/watch?v=fBPGvgk3YjA,,,Sí,,Nota: la fecha es fines de 1920. No es una fecha fija,,,,,

Unidad 4
La Gran Depresión del ´30,1930_01_1,https://www.youtube.com/watch?v=uEV3NJoE7nk,https://www.youtube.com/watch?v=yKJrr25pdpY,https://revistaedm.com/verNotaRevistaTeorica/539/la-crisis-de-1929-y-la-gran-depresion-de-la-decada-del-30,Sí,,Hay código QR (1 archivo),,,,,
Plan Pinedo 1940 - “Programa de Reactivación de la Economía Nacional”,1940_11_14,https://aprenderly.com/doc/3233312/caracter%C3%ADsticas-del-%E2%80%9Cplan-pinedo%E2%80%9D,http://www.laprensa.com.ar/455472-El-Plan-Pinedo-de-1940-otra-reforma-que-fracaso-por-falta-de-apoyo-politico.note.aspx,,Sí,,,,,,,
Las relaciones económicas bilaterales de la Argentina a partir de 1939,1939_01_1,http://www.argentina-rree.com/10/10-013.htm,,,Sí,,Nota: la fecha 1939 no es una fecha fija,,,,,
La Argentina y su posición en la Segunda Guerra Mundial,1939_09_1,http://www.laprensa.com.ar/480718-La-Argentina-y-la-II-Guerra-Mundial.note.aspx,,,Sí,,,,,,,LEER!!!
Pacto Roca-Runciman,1933_05_1,https://www.youtube.com/watch?v=dNzuB8-YDQQ&ab_channel=Fabi%C3%A1nChalop,https://www.youtube.com/watch?v=k4C59XgnyRw,,,,,,,,,
El comercio de carnes,1934_1939,http://www.argentina-rree.com/10/10-011.htm,,,Sí,,,,,,,
Guerra de Chaco,1932_09_9,https://www.notimerica.com/politica/noticia-guerra-chaco-conflicto-armado-mas-importante-siglo-xx-iberoamerica-20170510090229.html,https://www.youtube.com/watch?v=YNZjsYvG-2E,,,,,,,,,
Crisis 1929-1930 . En nuevo paradigma económico en Argentina,1930_01_1,https://www.youtube.com/watch?v=5GoEOtKfXOY&ab_channel=JDRF.HISTORIA,,,Sí,,Nota: la fecha 1930 no es una fecha fija,,,,,
"Argentina, la ""década inflame"" (1930-1943",1930_01_1,https://www.youtube.com/watch?v=IWMkxCpAqJo,,,,,Nota: la fecha 1930 no es una fecha fija; en realidad es el período 1930-43,,,,,
Construcción del Obelisco,1936_05_23,https://www.youtube.com/watch?v=lPsId8_WKuM,,,,Sí,,,,,,

Unidad 5
Bombardeo de Plaza de 05 en 1955,1955_06_16,https://youtu.be/OHoW3DNTwco,https://www.youtube.com/watch?v=8tpo08eTVMc,,Sí,,,,,,,
El primer sistema de promoción industrial,1944_06_5,http://www.informeindustrial.com.ar/verNota.aspx?nota=El%20primer%20sistema%20de%20promoci%C3%B3n%20industrial___300,,,Sí,,,,,,,
Acuerdo general sobre comercio y aranceles (GATT) 1947,1947_11_21,https://www.youtube.com/watch?v=BrTWyOv7t50,,,Sí,,,,,,,
Puente aéreo en Berlín,1948_06_24,https://www.youtube.com/watch?v=nwjFSQCrShM,https://fronterasblog.com/2020/01/27/el-puente-aereo-de-berlin-el-milagro-del-aire/,,Sí,,Hay 2 códigos QR (2 archivos),,,,,
Tratado Miranda Eady,1946_09_17,https://www.google.com/search?q=Tratado+Miranda-Eady+(1946)&tbm=isch&ved=2ahUKEwjunfi9jfTrAhVhCbkGHdaEDBgQ2-cCegQIABAA&oq=Tratado+Miranda-Eady+(1946)&gs_lcp=CgNpbWcQA1DpnQFY6Z0BYIOiAWgAcAB4AIABkgGIAZIBkgEDMC4xmAEAoAEBqgELZ3dzLXdpei1pbWfAAQE&sclient=img&ei=6GNlX-6JLeGS5OUP1omywAE#imgrc=pAqgG0bomnnZgM,,,Sí,,,,,,,
Guerra de Vietnam (1-11-1955 al 30-4-1975),1955_11_1,https://eacnur.org/blog/guerra-de-vietnam-resumen-y-principales-consecuencias-tc_alt45664n_o_pstn_o_pst/,https://www.youtube.com/watch?v=BF0zfeFgRZ0,,Sí,,,,,,,
Creación del IAPI,1946_05_28,http://www.labaldrich.com.ar/instituto-argentino-de-promocion-del-intercambio-iapi/,http://www.argentina-rree.com/11/11-010.htm,,Sí,,,,,,,
Nacionalización del BCRA,1946_05_25,http://www.santafe.gov.ar/hemerotecadigital/diario/21088/?page=2,,,Sí,,,,,,,
El Peronimo y la Iglesia en la década del 1950,1952_06_4,https://www.youtube.com/watch?v=KLJ47pNEDOU&feature=youtu.be,,,Sí,,"La fecha no es fija, es el inicio de la segunda presidencia de Perón",,,,,
Nacen los Juegos Infantiles Evita,1948_01_1,http://www.juegosevita.gob.ar/historia/hitos/,,,,Sí,La fecha no es fija,,,,,
Voto femenino en Argentina,1947_09_23,https://www.cultura.gob.ar/23-de-09-de-1947-asi-se-promulgo-la-ley-del-voto-femenino_6501/,,,Sí,,,,,,,
Frondizi recibe a Ernesto “Che” Guevara en Olivos (alarma a los FFAA),1961_08_18,LINK: https://www.youtube.com/watch?v=9sk0_IC0gJA&feature=youtu.be,,,Sí,,En la Timeglider está el evento cargado en una fecha equivocada. Ojo! YA LO CAMBIÉ (chequear),,,,,
"Ley de Medicamentos ""Oñativia""",1963_07_17,http://revistamestiza.unaj.edu.ar/arturo-onativia-y-la-ley-de-medicamentos/,http://www.iade.org.ar/noticias/la-salud-como-bien-social,,Sí,,,,,,,
Ministro de Finanzas 07 Alizón García (17-7-1955 hasta 14-6-1956),1955_07_17,"https://www.todo-argentina.net/biografias-argentinas/07_alizon_garcia.php?id=1217#:~:text=07%20Aliz%C3%B3n%20Garc%C3%ADa%20fue%20un,Lonardi%20y%20Pedro%20Eugenio%20Aramburu"
Robo del cuerpo de Eva Perón,1955_11_1,https://www.todo-argentina.net/historia-argentina/civiles_y_miltares/dictadura_aramburu/cadaver.php?idpagina=1555,,,Sí,,"En la fecha, el día no es fijo (mes y año sí)",,,,,
Contratos peroleros de YPF con empresas de EEUU,1958_07,https://www.todo-argentina.net/historia-argentina/civiles_y_miltares/arturo_frondizi/politica_petrolera.php?idpagina=1573,,,Sí,,"En la fecha, el día no es fijo (mes y año sí)",,,,,
Junta Consultiva Nacional (1955-1958),1955_10_28,http://nomeolvidesorg.com.ar/wpress/?p=2769
Frondizi visita EEUU; 1º presidente argentino que hace visita oficial a ese país,1959_01_21,https://www.youtube.com/watch?v=G3e2ODDIYPU&feature=youtu.be,,,Sí,,Hay 1 códigos QR (1 archivo),,,,,
Frondizi visita EEUU; habla en la sesión conjunta del Congreso en Washington,1959_01_23,https://www.todo-argentina.net/historia-argentina/civiles_y_miltares/arturo_frondizi/frondizi_estados_unidos.php?idpagina=1581&hcb=1,,,Sí,,Hay 1 códigos QR (1 archivo),,,,,
Batalla del Petróleo y del Acero,1958_05_1,https://www.google.com/search?q=batalla+del+petroleo+y+batalla+del+acero&sxsrf=ALeKk026hjO4Jzl61ENMSw4eY3GFoiABLw:1600901462229&source=lnms&tbm=isch&sa=X&ved=2ahUKEwjPy-fXroDsAhU0IrkGHUatD2wQ_AUoAXoECAwQAw&biw=1366&bih=657#imgrc=e_LFw8yESSA6lM,,,Sí,,,,,,,
"""Azules"" y ""Colorados"" (1º enfrentamiento)",1962_03_30,https://www.google.com/search?q=%22azules%22+y+%22colorados%22&tbm=isch&ved=2ahUKEwjK9IWOr4DsAhX-BbkGHWb6DNkQ2-cCegQIABAA&oq=%22azules%22+y+%22colorados%22&gs_lcp=CgNpbWcQAzICCAAyAggAMgIIADICCAAyAggAMgQIABAeMgYIABAFEB4yBggAEAUQHjIGCAAQBRAeMgQIABAYOgQIIxAnOgQIABBDOgUIABCxAzoHCAAQsQMQQ1DnugFY194BYLvgAWgAcAB4AIAB0gGIAcwUkgEGMy4xOC4xmAEAoAEBqgELZ3dzLXdpei1pbWfAAQE&sclient=img&ei=x9FrX4r1Ov6L5OUP5vSzyA0&bih=657&biw=1366#imgrc=jNakJYdVgx4tuM,https://www.youtube.com/watch?v=H9IDdYZtqNs,,Sí,,,,,,,
Revolución Cubana; triunfo de Fidel Castro,1959_01_1,https://canalhistoria.es/hoy-en-la-historia/castro-asume-el-cargo-de-primer-ministro-de-cuba/,https://www.youtube.com/watch?v=XH0xeJwr8Ws,,Sí,,,,,,,
Presidente Provisional José María Guido,1962_03_29,https://www.todo-argentina.net/historia-argentina/civiles_y_miltares/guido/elecciones_1963.php?idpagina=1605,,,Sí,,,,,,,
Entra en vigencia la Ley de Asociaciones Profesionales (de 1955),1958_08_27,http://www.laopinionpopular.com.ar/noticia/40801-arturo-frondizi-pone-en-vigencia-la-ley-de-asociaciones-profesionales.html,,,Sí,,,,,,,
"La noche de los ""bastones largos""",1966_07_29,https://www.diariouno.com.ar/sociedad/noche-bastones-largos-represion-provoco-masiva-fuga-cerebros-07292020_awmP3Rzkb,,,Sí,,,,,,,

Unidad 7
Inauguración de Central Nuclear Atucha I,1968_06_1,https://www.youtube.com/watch?v=8T-sXUaSdBQ&ab_channel=TravelChiliWalkingVideos,https://energia-nuclear.net/centrales-nucleares/argentina/atucha-1.html,,Sí,,,,,,,
"La muerte del ""Che"" Guevara (Bolivia)",1967_10_9,https://www.elhistoriador.com.ar/el-asesinato-de-ernesto-che-guevara/,,,Sí,,,,,,,
La noche de los bastones largos,1966_07_29,https://youtu.be/dAp3hmAv214,https://www.elhistoriador.com.ar/29-de-07-de-1966-la-noche-de-los-bastones-largos/,https://www.youtube.com/watch?v=dAp3hmAv214&ab_channel=CanalEncuentro,Sí,,,,,,,
La fuga y fusilamiento de los guerrilleros de la cárcel de Trelew,1972_08_22,https://notasperiodismopopular.com.ar/2018/08/22/noche-oscura-masacre-trelew/,https://revistacentenario.com/wp-content/uploads/2020/08/Polish_20200822_011956631.jpg,,Sí,,,,,,,
Gob. Facto de Gral. Roberto Levinston (18-06-1970 a 22-03-1971),1970_06_18,https://www.youtube.com/watch?v=ylkFxpHPkmM,,,Sí,,,,,,,
Montoneros: la lucha armada,1976_01_1,https://www.youtube.com/watch?v=ouLQ5-XUuQo&feature=youtu.be,,,Sí,,"En la fecha, no son fijos ni el día ni el mes (el año sí). Hay un código QR (1 archivo)",,,,,
La noche de los bastones largos,1966_07_29,http://semanariomontecaseros.com/29-de-07-1966-noche-de-los-bastones-largos-video/,,,Sí,,,,,,,
"""Rodrigazo"", los trabajadores eb contra",1975_06_4,https://www.youtube.com/watch?v=0_QDEJ1kyi4&feature=youtu.be,,,Sí,,,,,,,
50 años del Cordobazo,1969_05_29,https://www.youtube.com/watch?v=jonS7pw1K0k,,,Sí,,"En la fecha, no son fijos ni el día ni el mes (el año sí). ",,,,,
Hombres y mujeres trabajando en la fábrica Alpargatas,1969_01_1,https://www.youtube.com/watch?v=ZEju1he9wPM
“Domingo Sangriento” en Irlanda del Norte,1972_01_30,https://www.youtube.com/watch?v=qyfU1Ny2wCE,,,Sí,,,,,,,
"Genocidio de Estado en Argentina. Película ""Crónica de una Fuga""",1976_03_24,https://www.youtube.com/watch?v=HDxHJYI4VJU,,,Sí,,,,,,,
"Política Cambiaria: ""La Tablita"" de Martínez de Hoz (20-12-1978 a 02 1981)",1978_12_20,https://www.youtube.com/watch?v=jldDil6ow1k,,,Sí,,,,,,,
Rendición de Malvinas (15-06-1982),1982_06_15,https://www.youtube.com/watch?v=FIpHE7rhTm4
Visita de la Comisión Internacional de los DDHH de la OEA,1979_09_6,https://www.youtube.com/watch?v=gEVAfKqWv34,,,Sí,,,,,,,
La política económica del Proceso de Reorganización Nacional (29-03-1976 a 19-03-1981),1976_03_29,http://www.argentina-rree.com/11/11-062.htm,https://www.youtube.com/watch?v=3sWdsNKiB1g,https://www.youtube.com/watch?v=l2MK_5SGjFE,Sí,,,,,,,
Movilización de la CGT,1982_03_30,https://www.youtube.com/watch?v=n-9c3UMcbmY&feature=youtu.be,,,Sí,,,,,,,
"Operación ""Gabiota""",1977_02_17,http://posicionadelantada.com.ar/politica/operacion-gaviota-el-dia-que-el-erp-casi-volo-por-los-aires-a-videla-y-martinez-de-hoz/,,,Sí,,Hay 1 códigos QR (1 archivo),,,,,
La noche de los lápices,1976_09_16,https://www.google.com/search?q=16%2F9%2F1976+la+noche+de+los+lapices&tbm=isch&,https://www.clacso.org/la-noche-de-los-lapices/,,Sí,,,,,,,
Movimiento Teatro Abierto,1981_07_28,Http://www.teatrodelpueblo.org.ar/teatro_abierto/,,,,Sí,,,,,,

Unidad 8











Unidad 9
Menem indulta a los jefes militares ,1989_10_07,https://www.youtube.com/watch?v=UB_gmC4EwGc&ab_channel=T%C3%A9lam,http://www.derechos.org/nizkor/arg/doc/indultos.html,,Sí,,,,,,,
Plan Primavera,1988_08_3,https://www.youtube.com/watch?v=NLiqhyRmeDk,https://www.airedesantafe.com.ar/economia/a-30-anos-del-plan-primavera-alfonsin-n76126,,Sí,,,,,,,
Discurso del Ministro de Economía Jesús Rodríguez (Cadena Nacional),1989_05_27,https://www.youtube.com/watch?v=Jq2e3Qd2iMQ,,,Sí,,,,,,,
Steve Jobs presenta su Macintosh,1984_01_24,https://www.youtube.com/watch?v=6faWFLjUJRg,,,Sí,,,,,,,
Acuerdo con el FMI de 1984,1984_09_18,https://elpais.com/diario/1984/06/10/economia/455666406_850215.html,https://elpais.com/diario/1984/09/19/economia/464392810_850215.html,,Sí,,,,,,,
Juicio a la Junta Militar (22-4-1985 al 9-12-1985),1985_04_22,https://www.youtube.com/watch?v=GI3Q6zxV5II,,,Sí,,Hay 1 códigos QR (1 archivo),,,,,
Presidencia del Dr. Carlos Saúl Menem,1989_07_8,https://www.youtube.com/watch?v=0epwiFA_bbA,https://www.youtube.com/watch?v=0JxyOoGaD7A,https://www.youtube.com/watch?v=ad2lVzCVq-M,Sí,,,,,,,
Reconocimiento internacional de Palestina,1988_11_15,https://www.youtube.com/watch?v=WFNW3glwkj4,,,Sí,,,,,,,
Proyecto para trasladar la Capital Federal a Viedma-Río Negro,1986_04_16,https://www.youtube.com/watch?v=N5v8GKZRkoE,,,Sí,,,,,,,
Discurso del Presidente Alfonsín en la ONU,1984_09_24,https://www.youtube.com/watch?v=pjAe1Ud14mg,https://www.tiempoar.com.ar/nota/raul-alfonsin-1984-un-mundo-injusto-es-inestable-e-inseguro,,Sí,,,,,,,
Menem suprime el Servicio Militar Obligatorio,1994_06_22,https://www.youtube.com/watch?v=-GdZMZi217c,https://www.primeraedicion.com.ar/nota/100104415/se-cumplen-25-anos-de-la-muerte-que-puso-fin-al-servicio-militar-obligatorio/,,Sí,,,,,,,
"Crisis económica de México de 1994 y efecto ""Tequila""",1994_12_1,https://www.youtube.com/watch?v=ivb-dRTxZW4,,,Sí,,Fecha: el día no es fijo,,,,,
Atentado a la AMIA,1994_07_18,https://www.youtube.com/watch?v=1RBHagnwT0w,https://www.clarin.com/politica/paso-paso-historia-secreta-ataque-amia-objetivos-descartados-logistica-comando-suicida_0_K6n43Asou.html?gclid=CjwKCAjw_sn8BRBrEiwAnUGJDjuDn8tFHl8GKkXRSTOys1ZBzaFuZfYjYCnW2BQ3OyWUsBQthP664hoCFQ0QAvD_BwE,https://cablearmstrong.com.ar/2019/07/18/las-portadas-del-horror-asi-cubrieron-los-principales-diarios-el-atentado-a-la-amia/,Sí,,,,,,,
Firma del Tratado Start II entre EEUU y Rusia (inicio del desarme nuclear),1992_01_3,http://www.efemeridespedrobeltran.com/es/eventos/01/desarme-nuclear.-el-3-de-01-de-1993-se-firma-el-tratado-start-ii.-inicio-del-desarme-nuclear,https://elpais.com/diario/1993/01/04/internacional/726102001_850215.html,,Sí,,,,,,,
Ley de Convertibilidad,1991_03_27,https://www.youtube.com/watch?v=4TYe8Blwgik&ab_channel=CanaldelaCiudad,https://www.youtube.com/watch?v=chtRbXMdCqQ&ab_channel=Televisi%C3%B3nP%C3%BAblica,,Sí,,,,,,,
El Consenso de Washington,1989_01_1,https://www.youtube.com/watch?v=VTrqqqMQgC4,,,Sí,,Fecha: el día y el mes no son fijos,,,,,
"Anuncio del ""Corralito""",2001_12_3,https://www.youtube.com/watch?v=aj0uTbRh720&feature=youtu.be,,,Sí,,,,,,,
Reunificación de Alemania,1990_10_3,https://www.telam.com.ar/notas/202010/520890-a-30-anos-de-la-reunificacion-alemania-no-supero-las-diferencias-sociales-y-economicas.html,https://www.youtube.com/watch?v=wSNzyZG0sl0,,Sí,,,,,,,
Caída de Fernando De la Rúa. ,2001_12_20,https://www.youtube.com/watch?v=uYFXcx153ro,,,Sí,,,,,,,
Segunda Presidencia de Cristina Fernández de Kirchner,2011_12_10,https://prezi.com/dc5zguhlzajx/segunda-presidencia-de-cristina-fernandez-de-kirchner/,,,Sí,,,,,,,
Crisis de las hipotecas subprime en Estados Unidos,2008_09_15,https://economipedia.com/definiciones/crisis-subprime.html,,,Sí,,,,,,,
Tragedia de Cromañón,2004_12_30,https://www.nodalcultura.am/2019/12/argentina-memoria-a-15-anos-de-la-tragedia-de-cromanon/,http://www.unidiversidad.com.ar/30-12-2004-tragedia-de-cromanon,,Sí,,,,,,,
La economía argentina entre en recesión,2014_03_1,https://elpais.com/economia/2014/05/18/actualidad/1400369086_165445.html,,,Sí,,Fecha: el día no es fijo,,,,,
Comienza la baja de subsidios a agua y gas + aumento de tarifas. El ahorro logrado se dirigirá a AUH y plan progresar.,2014_03_24,https://www.youtube.com/watch?v=heSU9zX3gnI&feature=youtu.be,,,Sí,,,,,,,
Finaliza la Guerra en Irak,2011_12_18,https://www.animalpolitico.com/2011/10/termina-guerra-en-irak-tropas-de-eu-regresaran-a-casa-a-finales-de-2011/,,,,,,,,,,
Rescate del banco de inversión Bear Stern y venta a JP Morgan Chase,2008_03_14,https://www.reuters.com/article/us-bearstearns-idUSN1438968020080315,https://cincodias.elpais.com/cincodias/2008/03/14/empresas/1205665153_850215.html,,Sí,,,,,,,
Muerte del Fiscal Alberto Nisman,2015_01_18,https://www.youtube.com/watch?v=SeH-t1gfiSU,,,Sí,,,,,,,
Presidencia de Néstor Kirchner,2003_05_25,https://www.google.com/search?q=asuncion+de+nestor+kirchner&rlz=1C1CHBD_esAR893AR893&sxsrf=ALeKk007E_fBySw7d_P1CbZwEniM1mF9ug:1604162833056&source=lnms&tbm=isch&sa=X&ved=2ahUKEwjkw82epN_sAhUdHLkGHaa6DCYQ_AUoAXoECA8QAw&biw=1517&bih=730#imgrc=JOdrgKxP8GMSSM,,,Sí,,,,,,,
Crisis del campo (03 a 07 2008),2008_03_11,https://www.youtube.com/watch?v=Z1PJhLP1sqM,https://www.perfil.com/noticias/politica/la-125-el-conflicto-mas-fuerte-que-hizo-tuvo-cristina-kirchner-en-8-anos-de-gobierno.phtml,,Sí,,,,,,,
"Macri inaugura el ""metro bus"" en ""Ex-Ruta 8""",2019_07_16,https://youtu.be/wlzoVKiLynU,https://www.google.com/amp/s/www.cronista.com/amp/economiapolitica/Macri-inauguro-otro-tramo-de-la-ruta-8-obra-clave-para-su-alianza-con-el-campo-20190423-0009.html,,Sí,,,,,,,
Plan Nacional Integral contra la Violencia de Género,2016_07_26,https://www.lanacion.com.ar/seguridad/lanzaron-un-nuevo-plan-integral-contra-la-violencia-de-g01-nid1922107/,,,Sí,,,,,,,
Aprobación del Matrimonio Igualitario en EEUU,2015_06_26,https://www.youtube.com/watch?v=81iZU0gKRUM,,,Sí,,,,,,,
OMS declara emergencia sanitaria internacional por a propagación del virus del Zika,2016_02_1,https://www.youtube.com/watch?v=pb33Y2qHBkk,,,Sí,,,,,,,
Conflito en Cresta Roja y veto a la Ley Antidespidos,2016_05_20,https://www.clarin.com/politica/destacadas-discurso-macri-cresta-roja_0_NyT9XWOzW.html,https://www.lanacion.com.ar/politica/mauricio-macri-firmo-el-veto-a-la-ley-antidespidos-nid1900920/,,Sí,,,,,,,
Anuncio del Plan de ajuste del Estado de Macri,2018_01_29,https://www.youtube.com/watch?v=sHnhKVrDMoY&ab_channel=Televisi%C3%B3nP%C3%BAblicaNoticias,,,Sí,,,,,,,
Atentados en París,2015_11_13,https://www.elmundo.es/internacional/2015/11/14/56475867268e3edf198b45d6.html,,,Sí,,Hay 1 códigos QR (1 archivo),,,,,
Acercamiento de Macri al FMI,2018_03_17,https://www.lavoz.com.ar/politica/macri-y-el-fmi-acercamiento-con-la-mira-en-nuevos-creditos,,,Sí,,,,,,,
Desaparición del Ara San Juan,2017_11_15,https://www.youtube.com/watch?v=PilWU42XG7g&vl=es-419,,,Sí,,,,,,,
Cumbre G20 e Argentina (30-11-2018 al 01-12-2018),2018_11_30,https://www.google.com/imgres?imgurl=https://cdn.cienradios.com/wp-content/uploads/sites/22/2019/11/g20-400x215.jpg&imgrefurl=https://marcelobonelli.cienradios.com/hace-un-ano-se-realizo-en-la-argentina-la-cumbre-del-g20/&tbnid=P3pK9zJrSW4PiM&vet=1&docid=xOnQ5PfSC7DpbM&w=400&h=215&source=sh/x/im,,,Sí,,,,,,,
"Fin del ""cepo"" cambiario",2015_12_16,https://www.casarosada.gob.ar/informacion/que-estamos-diciendo/35735-fin-del-cepo-cambiario,,,Sí,,,,,,,