evento,link
2001 diciembre Saqueos en Argentina.pdf,http://drive.google.com/uc?export=view&id=1IaOnJMwVYtV7zw1piZB0Ly_K6x4rvHHj
1990 11 de febrero Liberación de Nelson Mandela .pdf,http://drive.google.com/uc?export=view&id=1PzUoGS0bTx9jYmvSJ2W3iCTcs3Wtcx3v
2000 20 de abril Ley Banelco (flexibilización labora).pdf,http://drive.google.com/uc?export=view&id=1GjCG-bXgec98fr82Vj2fLUYiR_k9C4Q-
1993 Bunge y Born firma convenio con la Municipalidad de Bs As.pdf,http://drive.google.com/uc?export=view&id=1LIWRzZ_KzPUCAwpGaEsVXQKDvSa-MI6g
1999 17 de diciembre El Correntinazo.pdf,http://drive.google.com/uc?export=view&id=1QWuv7Q7ire5EjxUj2XNsGuzfNDfq-E9k
1999 31 de agosto Accidente de LAPA en Aeropuerto Jorge Newbery.pdf,http://drive.google.com/uc?export=view&id=1ZwTC-4MTmsI95Ukdbo0IIJ1rOemRAZmR
1992 17 de marzo Atentado terrorista a la Embajada de Israel.pdf,http://drive.google.com/uc?export=view&id=1pv57VcGetjPcyLSWR77WY_GCnN6kprYt
1991 27 de marzo Ley de Convertibilidad .pdf,http://drive.google.com/uc?export=view&id=1HJpqSiSoTTWRrkok1u_GHiek7F4j9szB
2001 11 de septiembre Atentado a las Torres Gemelas.pdf,http://drive.google.com/uc?export=view&id=1ET2IvZ9rRNsEybSOmXobe2zu7psYkgBv
"1985 julio Alfonsín declara ""economía de guerra"".pdf",http://drive.google.com/uc?export=view&id=1J8ou-bru6DaPX97gDmca49miOBaTpXCT
2013 13 marzo Designación de Jorge Bergoglio como Papa Francisco.pdf,http://drive.google.com/uc?export=view&id=1_nHvC3fZicccBxUlTJsHULNnoP_cCT2I
"2011 28 octubre ""Cepo"" cambiario.pdf",http://drive.google.com/uc?export=view&id=1M2hhJ7nsn_KH9P2-qvZeDKV80pIaNnDC
1991 13 de noviembre Lay Nacional N1 24.013 del Empleo.pdf,http://drive.google.com/uc?export=view&id=1gNFNx4-kb-O5CF9XYZWk_KQWIlcTQz4J
2009 1 noviembre Entra en vigencia la Asignación Universal por Hijo.pdf,http://drive.google.com/uc?export=view&id=1ExgA8bHyFzpnStTUwpNNdFJtcKwewQ-3
2005 15 diciembre Discurso de Nestor Kirchner sobre el pago de la deuda externa.pdf,http://drive.google.com/uc?export=view&id=1Yy3R7mgS3fkSx6T34Iwx7If7vmse8Agh
2014 19 agosto Cristina anuncia pago soberano de la deuda externa.pdf,http://drive.google.com/uc?export=view&id=1HMxV_pXbshJxXidyURHRAeDJ-h7S0wMa
1985 5 agosto y 1987 24 abril se reglamenta la Ley de Hidrocarburos (1967).pdf,http://drive.google.com/uc?export=view&id=1trlpSt8U7UeKXMbC0-8HLuo2YCy1vtXK
1984 31 de octubre Asesinato de Indira Gandhi.pdf,http://drive.google.com/uc?export=view&id=1hvjBMoq2KDPdaPZhUqdZhTSgvFDoCLao
1991 31 de octubre Menem decreta la desregulación de la economía.pdf,http://drive.google.com/uc?export=view&id=13evsqdk0PAJUFJP2F55A7ARkGXSqPHvs
1985 Fin de la guerra fría.pdf,http://drive.google.com/uc?export=view&id=1LkaSr2Ud7ghuuFxXdkusS1waJT3ebtPh
1983 10 diciembre Presidencia Dr. Alfonsín.pdf,http://drive.google.com/uc?export=view&id=1iJrYQKTb453WkDrSP8q-4rSYRETeB6o8
1980 10 julio Discurso Martínez de Hoz sobre la segunda parte del Plan Económico.pdf,http://drive.google.com/uc?export=view&id=1dm-04Boa-Zr9D9GTsvB_C5jA7jsYyhFM
2 de abril de 1976 Plan Económico de Martínez de Hoz.pdf,http://drive.google.com/uc?export=view&id=1xvvLHrsjh-V4m1MqcrRnKsbxiYdNarPZ
1982 2 mayo Hundimiento Crucero General Belgrano.pdf,http://drive.google.com/uc?export=view&id=1wLAUp6Sm5-Eq2vdYM3vx1awi4ozALxm2
1976 24 marzo Golpe de Estado y Dictadura cívico-militar.pdf,http://drive.google.com/uc?export=view&id=1Ocxp-dBYQBH67ZsI_f3NIYMgGc6JRc85
"1966 16 mayo Revolución Cultural Proletaria, en China (Mao Tse-Tung).pdf",http://drive.google.com/uc?export=view&id=1wfBwx-uM6G45SkZ97gFfupHtgETD_c00
1972 17 junio Comienzo del Watergate.pdf,http://drive.google.com/uc?export=view&id=1iN1ejR8dOYYuIjkCcgBLhs8OZNEChgmy
1980 13 octubre Adolfo Pérez Esquivel recibe Premio Nobel.pdf,http://drive.google.com/uc?export=view&id=1aijH6DlgCFKU0d-9lizxKKK7j4s2ea1Q
1966 6 julio Fundación Cámara Argentina de Turismo.pdf,http://drive.google.com/uc?export=view&id=1hXLmmjnLMubamM36ECZrECLiDpQFe6Mq
1966 29 junio Asunción de Onganía.pdf,http://drive.google.com/uc?export=view&id=1d5eCHX9Wo7oVX3u-m6t8iuFql-FEQoza
1974 9 agosto Escándalo del Watergate.pdf,http://drive.google.com/uc?export=view&id=143UIj90-n4ns6RwxNIeeC9T7AMCT39G7
1969 20 julio Llegada del hombre a la Luna.pdf,http://drive.google.com/uc?export=view&id=1n-R250cew5MBZZdHt0m0FLS6J9SGBQ-O
1973 25 mayo Ministro de Economía Gelbard.pdf,http://drive.google.com/uc?export=view&id=1-8N5o8vu4nSFoCu25tSEdJP-n4hgwaSC
1966 28 junio Revolución Argentina.pdf,http://drive.google.com/uc?export=view&id=1AdGa72miOXa0UjwcY2JC_4wRGaoZv3Uf
"1968 22 marzo ""Mayo Francés"".pdf",http://drive.google.com/uc?export=view&id=1kdtrbQPOmrHLpyzT0TAa5CHzIJmmaXiV
1982 02 04 Malvinas.pdf,http://drive.google.com/uc?export=view&id=1t3dfXu7sQt3jvIaoOx0VF09tzOnqYYL0
1977 30 abril Las Madres de Plaza de Mayo.pdf,http://drive.google.com/uc?export=view&id=1adIACA9OxctFmydfdDCypd9cESKV3gca
1976 24 marzo HECHO TURÍSTICO Promoción de Turismo Receptivo.pdf,http://drive.google.com/uc?export=view&id=1xmsBr5pr3-oD-GiU_8ERLoaETwmuN9Cu
1968 05 ene al 20 ago Primavera de Praga.pdf,http://drive.google.com/uc?export=view&id=16Z7MW_3dNcex87eEiNOwyOkK48HbZq2D
1970 29 may Secuestro y Muerte de Aramburu.pdf,http://drive.google.com/uc?export=view&id=1qM9n98HFl9fyKHh0JbbTXyJmENZk-yLX
1968 4 abr Asesinato M L King.pdf,http://drive.google.com/uc?export=view&id=1JjER5Zk4f2gHs44o6mr3iL5o4Bmz7SNs
2003 14 may Se retira Menen de la segunda vuelta Menem Kirchner.pdf,http://drive.google.com/uc?export=view&id=1oC61Ew6ZG7G6TYmoXf3TrVUg6YS9UTHd
2002 2 ene Asume Duhalde la Presidencia de la Nación (hasta 25 may 2003).pdf,http://drive.google.com/uc?export=view&id=1rZedYROZPJMHpM4XEj6X2pyW3_EwSxxk
2001 13 dic Cronología de los hechos de diciembre de 2001.pdf,http://drive.google.com/uc?export=view&id=1VjK4YHOdSQVViW-EncSA7Qi0_5LbAHj3
2002 27 abr Designación de Lavagna como Ministro de Economía y Producción.pdf,http://drive.google.com/uc?export=view&id=1l4V7T7a9OxKwDMDdfcVI5C7mIvVrsPD4
2004 Tren de levitación magnética en Shangai.pdf,http://drive.google.com/uc?export=view&id=1_p4R_uH7CPu26Eb9jMCy95pCWnenLGwl
1967 24 jun Ley de Hidrocarburos.pdf,http://drive.google.com/uc?export=view&id=1T0_OxprubfbY_um9OMl4YRWUIH0zZedl
1966 06 julio HECHO TURÍSTICO Cámara Argentina de Turismo.pdf,http://drive.google.com/uc?export=view&id=1p4ZTrqdB_f4pzOWeeoUbvdY9gDKliQyx
1947 09 09 Ley 13010 de Voto Femenino Obligatorio.pdf,http://drive.google.com/uc?export=view&id=1J23YacVOVEACa-zUxXOugg-l_Cwk5W0T
1945 17 10 Día de la Lealtad.pdf,http://drive.google.com/uc?export=view&id=1WKP4AoUGuXf97L5rg7KBp-4jSAmsgfdF
1944 8 10 Sanción del Estatuto del Peón Rural.pdf,http://drive.google.com/uc?export=view&id=1z8B5KbvUXV54cHHXj4xqFiKL7NLbApU8
1945 27 12 FMI.pdf,http://drive.google.com/uc?export=view&id=1kTMnQ7ZqN4YQYEV8CqcrsjTpN5Q00KhA
1947 feb TURISMO Social.pdf,http://drive.google.com/uc?export=view&id=1pH7GP0E7BBLJnnRQ1VFS-c1Eh8yPPcdm
1933 28 11 Junta Reguladora de Granos.pdf,http://drive.google.com/uc?export=view&id=1NmuM3XwD3qTC1ROLs1EG4zEMVlRZnDog
1948 14 03 Plan Marshall.pdf,http://drive.google.com/uc?export=view&id=14TSs2ZWawBEK867z1IidycTaBxl5TI2j
1930 27 09 Fundación CGT.pdf,http://drive.google.com/uc?export=view&id=1OBm5RDoNZ-viYQut0qTMXm_BQTh7yxWP
1930 06 09 Golpe de Estado de Uriburu.pdf,http://drive.google.com/uc?export=view&id=1_EXecrEHh718Aw7XNGdjd_1Nbjm6PMOC
FECHAS creación de las juntas reguladoras.pdf,http://drive.google.com/uc?export=view&id=1LMMdj_o5MO4diop0v0LbJwGknfHvApbz
1991 27 03 Ley de Convertibilidad.pdf,http://drive.google.com/uc?export=view&id=1_zuWokEamkJAtHBXSKJnm_5J2GyaucFY
1929 24 10 Jueves Negro.pdf,http://drive.google.com/uc?export=view&id=1fqwXNIJ6AREQZ--UKpJ7pCbJByVl6oMF
1927 25 08 Argentina vuelve a la convertibilidad .pdf,http://drive.google.com/uc?export=view&id=1iiYqzetxXVsXtrt6qMdEB2e-2gCrxGCs
1914 28 07 - HECHO POLÍTICO INTERNACIONAL (cont 4).pdf,http://drive.google.com/uc?export=view&id=1fet2E9Jr7m1OfUW8YWcwSB9z9Ax7ydk4
1914 28 07 Primera Guerra Mundial (cont 3).pdf,http://drive.google.com/uc?export=view&id=15VOvxiNbjxD5awJmXszbrcbV2Q_S9bv-
1914 28 07 1ª Guerra Mundial (cont 2) .pdf,http://drive.google.com/uc?export=view&id=1mZxFierNnJtUAPWyeA7AryyqOqi9VnC3
1914 28 07 Primera Guerra Mundial (cont 1).pdf,http://drive.google.com/uc?export=view&id=1px6Bz0u7QdPd7xLM2c_ZfthrebOMMu00
1810 25 05 y 1816 09 07 Independencia de Argentina.pdf,http://drive.google.com/uc?export=view&id=1XIeILs8ZKysHHF93udEJIPpSRg8eW0SR
1886 12 10 Presidencia de Juárez Celman.pdf,http://drive.google.com/uc?export=view&id=1xQp7GJDALpJ6SuLZOP4p7TaDRzNCEX8D
1864 12 11 Guerra de la Triple Alianza contra el Paraguay.pdf,http://drive.google.com/uc?export=view&id=1NshGbGpPDgcBO95jT0BW8UHWI8kjd93W
3500 años AC - Aparición de la escritura.pdf,http://drive.google.com/uc?export=view&id=1X6yVZSpVk7Kos92vo-PQlk4vl3TF7l0Y
1750 1º Revolución Industrial.pdf,http://drive.google.com/uc?export=view&id=1Bg8ql7-MegEuQ-8Rgx5YYY-XfVzryAW4
9000 años AC La Revolución Neolítica.pdf,http://drive.google.com/uc?export=view&id=1i6LJe9t9zw8GK9wnh15VWqjelRyZYTNy
1492 12 de octubre Descubrimiento de América.pdf,http://drive.google.com/uc?export=view&id=1cCjReNnEiHTM4Gej3OgWvSDNLAfxP3UO
476 Fin Imperio Romano de Occidente y fin Edad Antigua.pdf,http://drive.google.com/uc?export=view&id=1Dz6E1JZKvzrjPL0dSh9YI8o2Mjsnc2zk
"1989 9-10 noviembre Caída del Muro de Berlín, significado para Argentina.pdf",http://drive.google.com/uc?export=view&id=1ktR6gixO2Wj1o0ljLuiBHxjs7Gjwt9uF
476 Caída Imperio Romano de Occidente Código QR.pdf,http://drive.google.com/uc?export=view&id=12M7SFOCaOJzd0GMqtI3U9Rx4YkQZshHh
1914-28 jul Primera Guerra Mundial (cont).pdf,http://drive.google.com/uc?export=view&id=1ml1EbS8dWkkqGGP_EzZPq6vs07BgkfBe
1958-24 jul Batalla petróleo.pdf,http://drive.google.com/uc?export=view&id=1cGfkiv1DMvhID4QE9HABSntijsCRFSwr
1914 – 28 jul Primera Guerra Mundial.pdf,http://drive.google.com/uc?export=view&id=18h1ebSgaG3B24xHR_vJmn0RFDa2gUvsZ
1945-05 mar Nacionalización de Gas del Estado.pdf,http://drive.google.com/uc?export=view&id=1SNUgHIRQIufuUa8iBQmOQvNNIAcFZ6Bk
1944-15 ene Terremoto de San Juan.pdf,http://drive.google.com/uc?export=view&id=19_OE5PKWmXQJEzVLyFYf1s9ZDHoLmQ74
1944-15 ene El peronismo.pdf,http://drive.google.com/uc?export=view&id=1rX5wCrRyY5GXK_uh2NjFIeiAIIScVdxK
1929-24 oct Crack de Wall Street.pdf,http://drive.google.com/uc?export=view&id=1_BVGX4q3VUOHolvmPKjKir_Mc5qbTmal
1938-20 feb gobierno de Ortiz.pdf,http://drive.google.com/uc?export=view&id=1gd8g358T4BkPZqFjVuX8-IXFfg5eCRPj
1945-17 oct Día de la Lealtad Peronista.pdf,http://drive.google.com/uc?export=view&id=1GSuxmHevuCiYr8f1siybRmxgUMvaLpub
1945-6 y 9 ago Bombardeos Hiroshima y Nagasaki.pdf,http://drive.google.com/uc?export=view&id=1I_tH6PK0wTm1SbPIM1qYSH572CWnLZSl
"2015 16 diciembre Fin del ""Cepo"" cambiario.pdf",http://drive.google.com/uc?export=view&id=1cixnYNAACZSefc8jtnHQStcIQ_ZARFbf
1999 31 de agosto Accidente de LAPA en Aeropuerto Jorge Newbery.pdf,http://drive.google.com/uc?export=view&id=1ZwTC-4MTmsI95Ukdbo0IIJ1rOemRAZmR
1992 17 de marzo Atentado terrorista a la Embajada de Israel.pdf,http://drive.google.com/uc?export=view&id=1pv57VcGetjPcyLSWR77WY_GCnN6kprYt
1991 27 de marzo Ley de Convertibilidad .pdf,http://drive.google.com/uc?export=view&id=1HJpqSiSoTTWRrkok1u_GHiek7F4j9szB
2001 11 de septiembre Atentado a las Torres Gemelas.pdf,http://drive.google.com/uc?export=view&id=1ET2IvZ9rRNsEybSOmXobe2zu7psYkgBv
"1985 julio Alfonsín declara ""economía de guerra"".pdf",http://drive.google.com/uc?export=view&id=1J8ou-bru6DaPX97gDmca49miOBaTpXCT
2013 13 marzo Designación de Jorge Bergoglio como Papa Francisco.pdf,http://drive.google.com/uc?export=view&id=1_nHvC3fZicccBxUlTJsHULNnoP_cCT2I
"2011 28 octubre ""Cepo"" cambiario.pdf",http://drive.google.com/uc?export=view&id=1M2hhJ7nsn_KH9P2-qvZeDKV80pIaNnDC
1991 13 de noviembre Lay Nacional N1 24.013 del Empleo.pdf,http://drive.google.com/uc?export=view&id=1gNFNx4-kb-O5CF9XYZWk_KQWIlcTQz4J
2009 1 noviembre Entra en vigencia la Asignación Universal por Hijo.pdf,http://drive.google.com/uc?export=view&id=1ExgA8bHyFzpnStTUwpNNdFJtcKwewQ-3
2005 15 diciembre Discurso de Nestor Kirchner sobre el pago de la deuda externa.pdf,http://drive.google.com/uc?export=view&id=1Yy3R7mgS3fkSx6T34Iwx7If7vmse8Agh
2014 19 agosto Cristina anuncia pago soberano de la deuda externa.pdf,http://drive.google.com/uc?export=view&id=1HMxV_pXbshJxXidyURHRAeDJ-h7S0wMa
1985 5 agosto y 1987 24 abril se reglamenta la Ley de Hidrocarburos (1967).pdf,http://drive.google.com/uc?export=view&id=1trlpSt8U7UeKXMbC0-8HLuo2YCy1vtXK
1984 31 de octubre Asesinato de Indira Gandhi.pdf,http://drive.google.com/uc?export=view&id=1hvjBMoq2KDPdaPZhUqdZhTSgvFDoCLao
1991 31 de octubre Menem decreta la desregulación de la economía.pdf,http://drive.google.com/uc?export=view&id=13evsqdk0PAJUFJP2F55A7ARkGXSqPHvs
1985 Fin de la guerra fría.pdf,http://drive.google.com/uc?export=view&id=1LkaSr2Ud7ghuuFxXdkusS1waJT3ebtPh
1983 10 diciembre Presidencia Dr. Alfonsín.pdf,http://drive.google.com/uc?export=view&id=1iJrYQKTb453WkDrSP8q-4rSYRETeB6o8
1980 10 julio Discurso Martínez de Hoz sobre la segunda parte del Plan Económico.pdf,http://drive.google.com/uc?export=view&id=1dm-04Boa-Zr9D9GTsvB_C5jA7jsYyhFM
2 de abril de 1976 Plan Económico de Martínez de Hoz.pdf,http://drive.google.com/uc?export=view&id=1xvvLHrsjh-V4m1MqcrRnKsbxiYdNarPZ
1982 2 mayo Hundimiento Crucero General Belgrano.pdf,http://drive.google.com/uc?export=view&id=1wLAUp6Sm5-Eq2vdYM3vx1awi4ozALxm2
1976 24 marzo Golpe de Estado y Dictadura cívico-militar.pdf,http://drive.google.com/uc?export=view&id=1Ocxp-dBYQBH67ZsI_f3NIYMgGc6JRc85
"1966 16 mayo Revolución Cultural Proletaria, en China (Mao Tse-Tung).pdf",http://drive.google.com/uc?export=view&id=1wfBwx-uM6G45SkZ97gFfupHtgETD_c00
1972 17 junio Comienzo del Watergate.pdf,http://drive.google.com/uc?export=view&id=1iN1ejR8dOYYuIjkCcgBLhs8OZNEChgmy
1980 13 octubre Adolfo Pérez Esquivel recibe Premio Nobel.pdf,http://drive.google.com/uc?export=view&id=1aijH6DlgCFKU0d-9lizxKKK7j4s2ea1Q
1966 6 julio Fundación Cámara Argentina de Turismo.pdf,http://drive.google.com/uc?export=view&id=1hXLmmjnLMubamM36ECZrECLiDpQFe6Mq
1966 29 junio Asunción de Onganía.pdf,http://drive.google.com/uc?export=view&id=1d5eCHX9Wo7oVX3u-m6t8iuFql-FEQoza
1974 9 agosto Escándalo del Watergate.pdf,http://drive.google.com/uc?export=view&id=143UIj90-n4ns6RwxNIeeC9T7AMCT39G7
1969 20 julio Llegada del hombre a la Luna.pdf,http://drive.google.com/uc?export=view&id=1n-R250cew5MBZZdHt0m0FLS6J9SGBQ-O
1973 25 mayo Ministro de Economía Gelbard.pdf,http://drive.google.com/uc?export=view&id=1-8N5o8vu4nSFoCu25tSEdJP-n4hgwaSC
1966 28 junio Revolución Argentina.pdf,http://drive.google.com/uc?export=view&id=1AdGa72miOXa0UjwcY2JC_4wRGaoZv3Uf
"1968 22 marzo ""Mayo Francés"".pdf",http://drive.google.com/uc?export=view&id=1kdtrbQPOmrHLpyzT0TAa5CHzIJmmaXiV
1966 28 junio Golpe de Estado que derroca al gobierno del Dr. Illia.pdf,http://drive.google.com/uc?export=view&id=18--DB_eENxlnqHfWbB_hKcZ1wPhANnR-
1955 16 septiembre Revolución Libertadora (hasta 01-05-1958).pdf,http://drive.google.com/uc?export=view&id=1wyXSRdviqldFUO2o0zVuMpRQ-5Zzo_vc
1958 (mediados) Comienza la Batalla del Petróleo.pdf,http://drive.google.com/uc?export=view&id=15jtmLf6_FCbQJZU2VzqpGggelCTQmHeM
1955 13 noviembre Gobierno de Aramburu.pdf,http://drive.google.com/uc?export=view&id=1I2PWxKEcaeXIaguUGdqiyjqHoSkkI6W_
1958 01 05 Gobierno del Dr. Frondizi (hasta 29-03-1962).pdf,http://drive.google.com/uc?export=view&id=1T3NNv3MIqUuvcBAaWo7OwcsBFRS7AGaa
1963 22 noviembre Asesinato de John F. Kennedy.pdf,http://drive.google.com/uc?export=view&id=15_br_pg5yIkNx6azhxBptHEDPw79ZwfP
1960 25 jul Frondizi inauguró SOMISA.pdf,http://drive.google.com/uc?export=view&id=1bsqhyevbPncBpKr1dWBB2cUgINAx3Atv
1944 01 jul Conferencia de Bretton Woods; fundación FMI y BM.pdf,http://drive.google.com/uc?export=view&id=1GLr7Fy9e2pKnM2BcMYEUXJjYW6OgHAVl
1949 11 marzo Reforma Constitucional de 1949.pdf,http://drive.google.com/uc?export=view&id=1mcHWCLbHr_v6sPm-WC-T5A6edqBDur41
1948 diciembre Declaración Universal de DDHH.pdf,http://drive.google.com/uc?export=view&id=12hdUNyz16Qsn0ngyDIanKZoss4ZVyBt-
1952 26 jul Muerte de Eva Perón.pdf,http://drive.google.com/uc?export=view&id=19KopoW5dC9m4Sf54JEC0J2466hTS_y7J
1946 4 jun 1946 1º mandato peronista.pdf,http://drive.google.com/uc?export=view&id=1inLvKf8PrCZqWRQBFwCaBGs-RGGuvV2M
1947 23 septiembre Ley de Voto Femenino.pdf,http://drive.google.com/uc?export=view&id=13RkAKBLTwPdyC7ET4ijo_IzmlwKCVUCB
1946 25 marzo Nacionalización del BCRA.pdf,http://drive.google.com/uc?export=view&id=1l-6eTGh51ABjNLLGgA7VW1tb7ngRasSt
1944 9 septiembre Creación Consejo Nacional de Posguerra.pdf,http://drive.google.com/uc?export=view&id=1yF6NogWj7tZAEIwaYjl-paZWcmftTcay
1907 13 dic Descubrimiento de petróleo en Comodoro Rivadavia Chubut.pdf,http://drive.google.com/uc?export=view&id=196nULi_al4oZAvtosAy0Rq29wcoCLRo0
1942 27 jun Gobierno Castillo.pdf,http://drive.google.com/uc?export=view&id=1qZNoHl0vsB6T-h1G42IR6_-c-quJ1SEm
1929 24 oct Crack del 29.pdf,http://drive.google.com/uc?export=view&id=1TH0nko_ln3FWi89wtzEgCVWZKCWGOr0y
1920-agosto La Patagonia Rebelde.pdf,http://drive.google.com/uc?export=view&id=1pae4A-F3DLS00CDORhPw055NNojspg7Y
1929-24-10 Crack del 1929.pdf,http://drive.google.com/uc?export=view&id=19CgIxNwqekECaj-kIW1v1OU-qWfp2fiq
1930-06-09 Golpe de Estado del Gral. Uriburo y gobierno de facto.pdf,http://drive.google.com/uc?export=view&id=1ZkPZNjpMuirVjUnMaAbdRxHPDoI3SMPu
1930-06 set Inicio de la Década Infame.pdf,http://drive.google.com/uc?export=view&id=1_1veMSfGunz4LPCkVQupELC_a6ZgHfbV
1935-28-05 Fundación Banco Central República Argentina.pdf,http://drive.google.com/uc?export=view&id=1hTpkRF46BkXTzbTB3lA2W8eM-0Tpcz5L
1942-01-ene Se acuña el nombre Naciones Unidas.pdf,http://drive.google.com/uc?export=view&id=113-bT6YD7BSRJlRCc79RmiSkJQkZIcxM
1852 3 feb Caída de Rosas.pdf,http://drive.google.com/uc?export=view&id=1jHIsIwBCUVrgFBlulz9rBmcDkdaxOHDY
1916 12-oct al 1922-12 oct Primera presidencia del Dr. Yrigoyen.pdf,http://drive.google.com/uc?export=view&id=1tERxYAcuASoMfdTSanqGZHRRT79p1B9Q
3001 aC (fines) - Comienza la Escritura.pdf,http://drive.google.com/uc?export=view&id=10h5MzE5TFNiPzvkIU2J_3kg_emD96WZs
1922 3 jun Creación Dirección General YPF.pdf,http://drive.google.com/uc?export=view&id=1mZ5hZ8FHwTDQcjSQwns0b7vpDOQv_9Es
1929 24 octubre Crack del 29 y Gran Depresión.pdf,http://drive.google.com/uc?export=view&id=1VgRfjSygA1xyKSOW2RMGCZke-PbGoVuv
1919 7 al 14 enero La Semana Trágica.pdf,http://drive.google.com/uc?export=view&id=1fIeuusyAOX4A4yAE44BODK1gydZ6TjdU
1883 Comienzan X de carne de cordero congelada a Inglaterra.pdf,http://drive.google.com/uc?export=view&id=1_WIVa9Wb4Lt_CDiTymc_bavxtiDt1XBz
1831 Liga del Interior y Pacto Federal.pdf,http://drive.google.com/uc?export=view&id=1wabUHbXltoxs2iFcenZ16Y7m2QGPnOV9
1945 Guerra Fría.pdf,http://drive.google.com/uc?export=view&id=1T3rhByh53x1p6N4aj5NOTKRTfseTqCw7
Siglos XI-XII-XIII - Feudalismo.pdf,http://drive.google.com/uc?export=view&id=13p23ILIa3CZkqkmLTz0-QCoa-j0ewaTs
1829 - Inicio del gobierno de Rosas.pdf,http://drive.google.com/uc?export=view&id=1iiUPPDSyNKvu9RsRuzSOvn-tw4jtvIRh
"1829 a 1861 Rosas, Anarquía, Unitarios y Federales.pdf",http://drive.google.com/uc?export=view&id=156DV8h9Qt94NxesP4hLZsQGDAWY1ehjr
Fines siglo XVIII a mediados siglo XIX - Romanticismo.pdf,http://drive.google.com/uc?export=view&id=1LeQrPEjXKpGcn_s76njBnjUjmIOw7OY2
2340 aC - Mesopotamia.pdf,http://drive.google.com/uc?export=view&id=1572RSXAWOMc4oySfkGxCbnDwxZkvQL7m
476 DC Caída del Imperio Romano de Occidente.pdf,http://drive.google.com/uc?export=view&id=1Y5YElmPvuurnanYrVM_JHcUqTlIHa16d
1780 a 1840 Revolución Industrial.pdf,http://drive.google.com/uc?export=view&id=1zbwGxYLCfJVXU8fah4PGcCobDP5NeNEN
476 Caída del Imperio Romano de Occidente (cont.).pdf,http://drive.google.com/uc?export=view&id=1GlmBhgvP0uR8Ls1RFQn175M4O6vqIHg5
1789 5 may Revolución Francesa.pdf,http://drive.google.com/uc?export=view&id=1ZuunrTo4tGH8aPo6ZRVYeKM48R5p1egP
2009 7 jul Amado Boudou asume el Ministerio de Economía (hasta 10 11 2011).pdf,http://drive.google.com/uc?export=view&id=1pmaJb1GIT4-MHTOEUmk2NAK9P0AK1aj3
2008 24 nov TURISMO Werner toma la decisión de construir el Ovnipuerto en Cachi Salta.pdf,http://drive.google.com/uc?export=view&id=157PnD0N8YYG7Big_u2EZfdoCaYV6QA8S
2009 21 dic Redrado y las RI.pdf,http://drive.google.com/uc?export=view&id=1shOv9ASak9BlboMBX4J_q3NZD_aBq5QL
2008 11 mar Resolución 125 que inicia el conflicto con el campo.pdf,http://drive.google.com/uc?export=view&id=1eavq--bQ0WhCq53PhqoorRF0lGEW1CQ7
2013 5 mar Fallecimiento de Hugo Chávez.pdf,http://drive.google.com/uc?export=view&id=15Cj9Vwpl3eph69zCv4kwdB9hSbIBXins
2001 28 abr TURISMO Dennis Tito Primer Turista Espacial.pdf,http://drive.google.com/uc?export=view&id=18JdUgOb_qwvbVygf0-ScnkYOlZGhlHU9
"2000 26 abr Media sanción del Senado a la Ley ""Banelco"".pdf",http://drive.google.com/uc?export=view&id=1X3EEJlAiErpiKFXY-9S3m7p56HDeepNT
2001 20 dic Crisis económica y furia social.pdf,http://drive.google.com/uc?export=view&id=1pzW766M22gQH6mxmOUQsLSt7TxtABPFB
"2000 29 may Se promulgó la Ley ""Banelco"".pdf",http://drive.google.com/uc?export=view&id=1m_qOTjAu_NPBG7T-Cnbdpp6rVAF_KEOd
2001 11 set Atentado a las Torres Gemelas.pdf,http://drive.google.com/uc?export=view&id=1_qG8QZGERYzjgvsgJsUOdKziYVv-PhUh
2001 Marzo-abril Plan de Ajuste de López Murphy.pdf,http://drive.google.com/uc?export=view&id=18htKc2tIfgldsSpZSpKWPoFhBfc2jAge
2002 26 jun Asesinatos de Kosteki y Santillán.pdf,http://drive.google.com/uc?export=view&id=13YhbwsiUBMzjWjSmQ0userYwCvXHPCui
1989 marzo Anuncio del Plan Brady.pdf,http://drive.google.com/uc?export=view&id=1L7FBI6F0T8CcJRP_EyPy_thAbeBm2Qww
1985 14 jun Plan Austral.pdf,http://drive.google.com/uc?export=view&id=1IKJ6Le3DSnLpAlz0cJNrU5MhOJE2hm8b
1984 20 set Entrega del informa de la CONADEP.pdf,http://drive.google.com/uc?export=view&id=1xl2HLX0vKoFptzgqpZmo6HDrEHt0pMG_
1983 25 oct Invasión a Granada.pdf,http://drive.google.com/uc?export=view&id=1UyfxHzskKP4M-NHdO3818Kl2BtGAeAOF
1983 22 sept Ley de Amnistía Nº 22.924.pdf,http://drive.google.com/uc?export=view&id=1QDvepnL1MAWqXRBBAp2zTBUoJ5Su4see
1982 02 04 Consecuencias económicas de la Guerra de Malvinas.pdf,http://drive.google.com/uc?export=view&id=164U_eD76-W3g8IyFoogFLcBdz5FTSO25
1982 02 04 Malvinas.pdf,http://drive.google.com/uc?export=view&id=1t3dfXu7sQt3jvIaoOx0VF09tzOnqYYL0
1977 30 abril Las Madres de Plaza de Mayo.pdf,http://drive.google.com/uc?export=view&id=1adIACA9OxctFmydfdDCypd9cESKV3gca
1976 24 marzo HECHO TURÍSTICO Promoción de Turismo Receptivo.pdf,http://drive.google.com/uc?export=view&id=1xmsBr5pr3-oD-GiU_8ERLoaETwmuN9Cu
1968 05 ene al 20 ago Primavera de Praga.pdf,http://drive.google.com/uc?export=view&id=16Z7MW_3dNcex87eEiNOwyOkK48HbZq2D
1970 29 may Secuestro y Muerte de Aramburu.pdf,http://drive.google.com/uc?export=view&id=1qM9n98HFl9fyKHh0JbbTXyJmENZk-yLX
1968 4 abr Asesinato M L King.pdf,http://drive.google.com/uc?export=view&id=1JjER5Zk4f2gHs44o6mr3iL5o4Bmz7SNs
2003 14 may Se retira Menen de la segunda vuelta Menem Kirchner.pdf,http://drive.google.com/uc?export=view&id=1oC61Ew6ZG7G6TYmoXf3TrVUg6YS9UTHd
2002 2 ene Asume Duhalde la Presidencia de la Nación (hasta 25 may 2003).pdf,http://drive.google.com/uc?export=view&id=1rZedYROZPJMHpM4XEj6X2pyW3_EwSxxk
2001 13 dic Cronología de los hechos de diciembre de 2001.pdf,http://drive.google.com/uc?export=view&id=1VjK4YHOdSQVViW-EncSA7Qi0_5LbAHj3
2002 27 abr Designación de Lavagna como Ministro de Economía y Producción.pdf,http://drive.google.com/uc?export=view&id=1l4V7T7a9OxKwDMDdfcVI5C7mIvVrsPD4
2004 Tren de levitación magnética en Shangai.pdf,http://drive.google.com/uc?export=view&id=1_p4R_uH7CPu26Eb9jMCy95pCWnenLGwl
1967 24 jun Ley de Hidrocarburos.pdf,http://drive.google.com/uc?export=view&id=1T0_OxprubfbY_um9OMl4YRWUIH0zZedl
1966 06 julio HECHO TURÍSTICO Cámara Argentina de Turismo.pdf,http://drive.google.com/uc?export=view&id=1p4ZTrqdB_f4pzOWeeoUbvdY9gDKliQyx
1947 09 09 Ley 13010 de Voto Femenino Obligatorio.pdf,http://drive.google.com/uc?export=view&id=1J23YacVOVEACa-zUxXOugg-l_Cwk5W0T
1945 17 10 Día de la Lealtad.pdf,http://drive.google.com/uc?export=view&id=1WKP4AoUGuXf97L5rg7KBp-4jSAmsgfdF
1944 8 10 Sanción del Estatuto del Peón Rural.pdf,http://drive.google.com/uc?export=view&id=1z8B5KbvUXV54cHHXj4xqFiKL7NLbApU8
1945 27 12 FMI.pdf,http://drive.google.com/uc?export=view&id=1kTMnQ7ZqN4YQYEV8CqcrsjTpN5Q00KhA
1947 feb TURISMO Social.pdf,http://drive.google.com/uc?export=view&id=1pH7GP0E7BBLJnnRQ1VFS-c1Eh8yPPcdm
1933 28 11 Junta Reguladora de Granos.pdf,http://drive.google.com/uc?export=view&id=1NmuM3XwD3qTC1ROLs1EG4zEMVlRZnDog
1948 14 03 Plan Marshall.pdf,http://drive.google.com/uc?export=view&id=14TSs2ZWawBEK867z1IidycTaBxl5TI2j
1930 27 09 Fundación CGT.pdf,http://drive.google.com/uc?export=view&id=1OBm5RDoNZ-viYQut0qTMXm_BQTh7yxWP
1930 06 09 Golpe de Estado de Uriburu.pdf,http://drive.google.com/uc?export=view&id=1_EXecrEHh718Aw7XNGdjd_1Nbjm6PMOC
FECHAS creación de las juntas reguladoras.pdf,http://drive.google.com/uc?export=view&id=1LMMdj_o5MO4diop0v0LbJwGknfHvApbz
1991 27 03 Ley de Convertibilidad.pdf,http://drive.google.com/uc?export=view&id=1_zuWokEamkJAtHBXSKJnm_5J2GyaucFY
1929 24 10 Jueves Negro.pdf,http://drive.google.com/uc?export=view&id=1fqwXNIJ6AREQZ--UKpJ7pCbJByVl6oMF
1927 25 08 Argentina vuelve a la convertibilidad .pdf,http://drive.google.com/uc?export=view&id=1iiYqzetxXVsXtrt6qMdEB2e-2gCrxGCs
1914 28 07 - HECHO POLÍTICO INTERNACIONAL (cont 4).pdf,http://drive.google.com/uc?export=view&id=1fet2E9Jr7m1OfUW8YWcwSB9z9Ax7ydk4
1914 28 07 Primera Guerra Mundial (cont 3).pdf,http://drive.google.com/uc?export=view&id=15VOvxiNbjxD5awJmXszbrcbV2Q_S9bv-
1914 28 07 1ª Guerra Mundial (cont 2) .pdf,http://drive.google.com/uc?export=view&id=1mZxFierNnJtUAPWyeA7AryyqOqi9VnC3
1914 28 07 Primera Guerra Mundial (cont 1).pdf,http://drive.google.com/uc?export=view&id=1px6Bz0u7QdPd7xLM2c_ZfthrebOMMu00
1810 25 05 y 1816 09 07 Independencia de Argentina.pdf,http://drive.google.com/uc?export=view&id=1XIeILs8ZKysHHF93udEJIPpSRg8eW0SR
1886 12 10 Presidencia de Juárez Celman.pdf,http://drive.google.com/uc?export=view&id=1xQp7GJDALpJ6SuLZOP4p7TaDRzNCEX8D
1864 12 11 Guerra de la Triple Alianza contra el Paraguay.pdf,http://drive.google.com/uc?export=view&id=1NshGbGpPDgcBO95jT0BW8UHWI8kjd93W
3500 años AC - Aparición de la escritura.pdf,http://drive.google.com/uc?export=view&id=1X6yVZSpVk7Kos92vo-PQlk4vl3TF7l0Y
1750 1º Revolución Industrial.pdf,http://drive.google.com/uc?export=view&id=1Bg8ql7-MegEuQ-8Rgx5YYY-XfVzryAW4
9000 años AC La Revolución Neolítica.pdf,http://drive.google.com/uc?export=view&id=1i6LJe9t9zw8GK9wnh15VWqjelRyZYTNy
1492 12 de octubre Descubrimiento de América.pdf,http://drive.google.com/uc?export=view&id=1cCjReNnEiHTM4Gej3OgWvSDNLAfxP3UO
476 Fin Imperio Romano de Occidente y fin Edad Antigua.pdf,http://drive.google.com/uc?export=view&id=1Dz6E1JZKvzrjPL0dSh9YI8o2Mjsnc2zk
"1989 9-10 noviembre Caída del Muro de Berlín, significado para Argentina.pdf",http://drive.google.com/uc?export=view&id=1ktR6gixO2Wj1o0ljLuiBHxjs7Gjwt9uF
476 Caída Imperio Romano de Occidente Código QR.pdf,http://drive.google.com/uc?export=view&id=12M7SFOCaOJzd0GMqtI3U9Rx4YkQZshHh
476 Caída del Imperio Romano de Occidente.pdf,http://drive.google.com/uc?export=view&id=1PKtjlPHhpSDziXDpy09nOyvgPtfRgFdG
1984 29 noviembre La guerra que no fue.pdf,http://drive.google.com/uc?export=view&id=1rBx4VxZyDLBdokgm8ym43ne5pz6PLcUe
1978 26 enero Argentina declaró nulo el fallo británico sobre el Beagle.pdf,http://drive.google.com/uc?export=view&id=1iEdNqhJGRIDUF_Xj42Yz8TUQdZPf0_X_
1976 24 marzo Golpe de Estado en Argentina de 1976.pdf,http://drive.google.com/uc?export=view&id=1r6TKKHmbHbm1le5TEdNXbIRYnx20zeGB
1972 17 nov El regreso del Gral Perón a la Argentina.pdf,http://drive.google.com/uc?export=view&id=10ckKFWDHzWF8f-ajL_jfOB-p07IZQ_t9
1966 29 julio La noche de los bastones largos bis.pdf,http://drive.google.com/uc?export=view&id=1o0j6lfDxNERZGM6bCAozIcbk2gY0sRhY
1966 29 jul La noche de los bastones largos.pdf,http://drive.google.com/uc?export=view&id=17jgqdRKfJdMB7wopSvQyrD-Lo52JelRp
1994 18 julio Atentado a la AMIA.pdf,http://drive.google.com/uc?export=view&id=1oEL1l3VEfbkj99DMG3fnqNKWJGWXJSwg
1978 1 jun Mundial de Fútbol.pdf,http://drive.google.com/uc?export=view&id=1TMf_nzx2SBE1dAToHMaTkCA6aM_dXgUH
1999 24 oct Triunfo electoral de De la Rúa.pdf,http://drive.google.com/uc?export=view&id=13dTpP24ajbYfbhK-NJuMitN_43qhyprO
2008 21 ene Crisis internacional en EEUU.pdf,http://drive.google.com/uc?export=view&id=1wfYkZt2iLotXrqgCl6ek8IXrg1tObBzK
2006 3 ene Cancelación de la deuda con el FMI de Argentina.pdf,http://drive.google.com/uc?export=view&id=1LvfZqBX7Ajuwn0F3Ql0Twdu4RS55eGEc
1986 26 abr Accidente de Chernovyl.pdf,http://drive.google.com/uc?export=view&id=14jEJUCvV0LAvyfpeyrPcCCipRzJ_vg6Q
2000 6 oct Renuncia de Chacho Álvarez.pdf,http://drive.google.com/uc?export=view&id=1jGKU0zdZ6Nh1Zi4qICgs-IFbXcEXn6AC
2001 20 dic Renuncia Presidente De la Rúa.pdf,http://drive.google.com/uc?export=view&id=1dgGsbmu5XHfUwomTlgVfExB3-3EhuUAR
1974 01 jul Muerte del Gral Perón.pdf,http://drive.google.com/uc?export=view&id=1sAFIRRUmjuKAiV53chlc0Nz3-ZIqWGk0
1976 02 abr Plan de Martínez de Hoz (1ª etapa).pdf,http://drive.google.com/uc?export=view&id=1-MEBf40-gpHlOpe2I7b10pKzs8aCar8e
1994 18 jul Atentado a la AMIA.pdf,http://drive.google.com/uc?export=view&id=1Z7fOGgYDRdmIPH4wmoX1P7G5xI-mvfc2
"2001 20 dic Asesinato ""piqueteros"" Kosteki y Santillán.pdf",http://drive.google.com/uc?export=view&id=1Ou_CVllqVp9BOgGStdAsmRfMPqBCbC4_
2003 25 may Presidencia de Néstor Kichner.pdf,http://drive.google.com/uc?export=view&id=1sUXncg9DOJfp2u8c_CJ8yyeeKiXH_j-l
2009 14 dic Creación del Fondo del Bicentenario.pdf,http://drive.google.com/uc?export=view&id=1nAnYTD4GGrR8sfS-iM9zIwXHGvxAqZAr
2007 10 dic 1era Presidencia de Cristina Fernandez de Kirchner.pdf,http://drive.google.com/uc?export=view&id=1wSu4S-WTuFMGs-w3kTza6YA79gW6n46M
1976 16 set La noche de los lápices.pdf,http://drive.google.com/uc?export=view&id=1g5Riimc1SUb-mCjGENeB3QwlowE4lq3_
1986 26 abr Chernobyl.pdf,http://drive.google.com/uc?export=view&id=1c1-SMdxMDqTenqVc1YiIxg3kdW7LX4cC
1999 04 feb Plan Colombia.pdf,http://drive.google.com/uc?export=view&id=1ee-QHr0W3oPnhxBy59EbxC4-uSevihXV
2008 15 set Crisis financiera internacional 2008.pdf,http://drive.google.com/uc?export=view&id=14eQnmjniC8NNe7h-tYQDEqVGntgU4dWF
1933 01 may El Pacto Roca – Runciman.pdf,http://drive.google.com/uc?export=view&id=1uiNxONgENtiKVoJKelJYTRJqXbcsOZ2l
1955 - 16 set Revolución Libertadora (cont).pdf,http://drive.google.com/uc?export=view&id=1KjBz8-Q5Rr5cthck-TzEJThcO_L6bmND
1955 - 16 set Revolución Libertadora.pdf,http://drive.google.com/uc?export=view&id=1Bs_EIUmvDi1WGsLd1R7tCRdtrQ6rthzx
1917 - feb Revolución Rusa.pdf,http://drive.google.com/uc?export=view&id=1RX28zjsoPcLxterT3PCo8VqoQ7oNDGur
1955 - 16 set Acercamiento Washington Bs As contra Comunismo.pdf,http://drive.google.com/uc?export=view&id=1myRcRrpuUFhij8PGAMQJ8NNWRt8Xapke
1952 - 26 jul Muerte Eva Perón.pdf,http://drive.google.com/uc?export=view&id=14eCSCsbNeAc3fFINBQlP2ZMOmxLkdq97
1930 - 6 set Golpe militar de Uriburu.pdf,http://drive.google.com/uc?export=view&id=1CGAZkNgDilpdEqC6rZ_kj15hTkPG2-kb
1914-28 jul Primera Guerra Mundial (cont).pdf,http://drive.google.com/uc?export=view&id=1ml1EbS8dWkkqGGP_EzZPq6vs07BgkfBe
1958-24 jul Batalla petróleo.pdf,http://drive.google.com/uc?export=view&id=1cGfkiv1DMvhID4QE9HABSntijsCRFSwr
1914 – 28 jul Primera Guerra Mundial.pdf,http://drive.google.com/uc?export=view&id=18h1ebSgaG3B24xHR_vJmn0RFDa2gUvsZ
1945-05 mar Nacionalización de Gas del Estado.pdf,http://drive.google.com/uc?export=view&id=1SNUgHIRQIufuUa8iBQmOQvNNIAcFZ6Bk
1944-15 ene Terremoto de San Juan.pdf,http://drive.google.com/uc?export=view&id=19_OE5PKWmXQJEzVLyFYf1s9ZDHoLmQ74
1944-15 ene El peronismo.pdf,http://drive.google.com/uc?export=view&id=1rX5wCrRyY5GXK_uh2NjFIeiAIIScVdxK
1929-24 oct Crack de Wall Street.pdf,http://drive.google.com/uc?export=view&id=1_BVGX4q3VUOHolvmPKjKir_Mc5qbTmal
1938-20 feb gobierno de Ortiz.pdf,http://drive.google.com/uc?export=view&id=1gd8g358T4BkPZqFjVuX8-IXFfg5eCRPj
1945-17 oct Día de la Lealtad Peronista.pdf,http://drive.google.com/uc?export=view&id=1GSuxmHevuCiYr8f1siybRmxgUMvaLpub
1945-6 y 9 ago Bombardeos Hiroshima y Nagasaki.pdf,http://drive.google.com/uc?export=view&id=1I_tH6PK0wTm1SbPIM1qYSH572CWnLZSl